User Id,Type,Worked,Hours-1,Hours-2,Hours-3,Hours-4,Hours-5,Hours-6,Hours-7,Project,Category
mdowling,W,6-Sep-12,8,0,0,0,0,0,0,1249,PC
mdowling,W,7-Sep-12,8,1,0,0,0,0,0,1237,PC
mdowling,W,10-Sep-12,2,0,0,0,0,0,0,1329,PC
jdavies,V,10-Sep-12,4,0,0,0,0,0,0,1332,PI
mdowling,W,10-Sep-12,2,0,0,0,0,0,0,1332,PC
jdavies,V,10-Sep-12,4,0,0,0,0,0,0,1336,PI
mdowling,W,10-Sep-12,4,1,0,0,0,0,0,1336,PI
mdowling,W,11-Sep-12,7,0,0,0,0,0,0,1332,PC
jdavies,V,11-Sep-12,8.5,0,0,0,0,0,0,1332,PI
mdowling,W,11-Sep-12,1,1,0,0,0,0,0,1332,PC
mdowling,W,12-Sep-12,2,0,0,0,0,0,0,14229,PC
mdowling,W,12-Sep-12,2,0,0,0,0,0,0,14230,PC
jdavies,V,12-Sep-12,8,0,0,0,0,0,0,1332,PI
mdowling,W,12-Sep-12,4,1,0,0,0,0,0,1329,PC
mdowling,W,13-Sep-12,1.5,0,0,0,0,0,0,14230,PC
mdowling,W,13-Sep-12,6.5,0,0,0,0,0,0,1329,PC
jdavies,V,13-Sep-12,8,1,0,0,0,0,0,1329,PI
mdowling,W,14-Sep-12,1,0,0,0,0,0,0,1336,PI
jdavies,V,14-Sep-12,8,0,0,0,0,0,0,1329,PI
mdowling,W,14-Sep-12,7,0,0,0,0,0,0,1329,PC
jdavies,V,17-Sep-12,8,0,0,0,0,0,0,1329,PI
mdowling,W,17-Sep-12,8,0,0,0,0,0,0,1329,PC
mdowling,W,18-Sep-12,4,0,0,0,0,0,0,1249,PC
jdavies,V,18-Sep-12,8,0,0,0,0,0,0,1329,PI
mdowling,W,18-Sep-12,4,0,0,0,0,0,0,1249,PED
mdowling,W,19-Sep-12,7,0,0,0,0,0,0,1249,PC
jdavies,V,19-Sep-12,8,0,0,0,0,0,0,1329,PI
mdowling,W,19-Sep-12,1,1,0,0,0,0,0,1329,PC
mdowling,W,20-Sep-12,1.5,0,0,0,0,0,0,14230,PI
mdowling,W,20-Sep-12,2,0,0,0,0,0,0,1285,PI
jdavies,V,20-Sep-12,8,0,0,0,0,0,0,1329,PI
mdowling,W,20-Sep-12,4.5,1,0,0,0,0,0,1329,PI
mdowling,W,21-Sep-12,2,0,0,0,0,0,0,1332,PI
jdavies,V,21-Sep-12,7,0,0,0,0,0,0,1329,PI
jdavies,V,21-Sep-12,1,0,0,0,0,0,0,1285,PI
mdowling,W,21-Sep-12,5,0,0,0,0,0,0,1329,PI
mdowling,W,21-Sep-12,1,0,0,0,0,0,0,1285,PI
mdowling,W,24-Sep-12,7,0,0,0,0,0,0,1285,PI
jdavies,V,24-Sep-12,8,0,0,0,0,0,0,1285,PI
mdowling,W,24-Sep-12,1,0,0,0,0,0,0,824,PI
mdowling,W,25-Sep-12,5,0,0,0,0,0,0,1285,PI
jdavies,V,25-Sep-12,8,0,0,0,0,0,0,1285,PI
mdowling,W,25-Sep-12,3,0,0,0,0,0,0,1329,PI
jdavies,V,26-Sep-12,2,0,0,0,0,0,0,1285,PI
mdowling,W,26-Sep-12,3,0,0,0,0,0,0,1336,PI
jdavies,V,26-Sep-12,6,0,0,0,0,0,0,1336,PI
mdowling,W,26-Sep-12,5,0,0,0,0,0,0,1332,PI
jdavies,V,27-Sep-12,8,0,0,0,0,0,0,1285,PI
mdowling,W,27-Sep-12,8,0,0,0,0,0,0,1285,PI
jdavies,V,28-Sep-12,5,0,0,0,0,0,0,1286,PI
mdowling,W,28-Sep-12,5,0,0,0,0,0,0,1286,PI
jdavies,V,28-Sep-12,3,1,0,0,0,0,0,824,PI
mdowling,W,28-Sep-12,3,1,0,0,0,0,0,824,PI
jdavies,P,1-Oct-12,8,0,0,0,0,0,0,ZEDAV002,GLPH
mdowling,P,1-Oct-12,8,0,0,0,0,0,0,ZEDOW002,GLPH
jdavies,V,2-Oct-12,8,0,0,0,0,0,0,824,PI
mdowling,R,2-Oct-12,8,0,0,0,0,0,0,ZEDOW002,GLRD
mdowling,W,3-Oct-12,4,0,0,0,0,0,0,1188,PI
jdavies,V,3-Oct-12,8,0,0,0,0,0,0,824,PI
mdowling,W,3-Oct-12,4,0,0,0,0,0,0,1192,PI
mdowling,W,4-Oct-12,1,0,0,0,0,0,0,1188,PI
mdowling,W,4-Oct-12,1,0,0,0,0,0,0,1192,PI
mdowling,W,4-Oct-12,2,0,0,0,0,0,0,1217,PI
jdavies,V,4-Oct-12,8,0,0,0,0,0,0,1329,PI
mdowling,W,4-Oct-12,4,0,0,0,0,0,0,28,PI
jdavies,R,5-Oct-12,8,0,0,0,0,0,0,ZEDAV002,GLRD
mdowling,W,5-Oct-12,8,0,0,0,0,0,0,1217,PI
jdavies,V,8-Oct-12,8,0,0,0,0,0,0,1329,PI
mdowling,W,8-Oct-12,8,0,0,0,0,0,0,1188,PI
mdowling,W,9-Oct-12,2,0,0,0,0,0,0,824,PI
jdavies,V,9-Oct-12,8,0,0,0,0,0,0,1329,PI
mdowling,W,9-Oct-12,6,0,0,0,0,0,0,1329,PI
mdowling,W,10-Oct-12,5,0,0,0,0,0,0,1188,PI
jdavies,V,10-Oct-12,8,1,0,0,0,0,0,1329,PI
mdowling,W,10-Oct-12,3,1,0,0,0,0,0,1192,PI
mdowling,W,11-Oct-12,6,0,0,0,0,0,0,1188,PC
jdavies,V,11-Oct-12,8,0,0,0,0,0,0,1329,PI
mdowling,W,11-Oct-12,2,0,0,0,0,0,0,1192,PC
mdowling,W,12-Oct-12,4,0,0,0,0,0,0,1188,PC
jdavies,V,12-Oct-12,8,0,0,0,0,0,0,1329,PI
mdowling,W,12-Oct-12,4,1,0,0,0,0,0,1192,PC
mdowling,W,15-Oct-12,1,0,0,0,0,0,0,1329,PI
mdowling,W,15-Oct-12,2,0,0,0,0,0,0,697,PI
jdavies,V,15-Oct-12,8,0,0,0,0,0,0,1329,PI
mdowling,W,15-Oct-12,5,0,0,0,0,0,0,1192,PC
mdowling,W,16-Oct-12,2,0,0,0,0,0,0,697,PI
jdavies,V,16-Oct-12,8,0,0,0,0,0,0,1237,PI
mdowling,W,16-Oct-12,6,0,0,0,0,0,0,1330,PI
mdowling,W,16-Oct-12,0,2,1,0,0,0,0,28,PED
jdavies,V,17-Oct-12,4,0,0,0,0,0,0,1329,PI
mdowling,W,17-Oct-12,4,0,0,0,0,0,0,28,PC
jdavies,V,17-Oct-12,4,0,0,0,0,0,0,1285,PI
mdowling,W,17-Oct-12,4,2,0,0,0,0,0,1188,PC
mdowling,W,18-Oct-12,5,0,0,0,0,0,0,1188,PC
jdavies,V,18-Oct-12,8,0,0,0,0,0,0,1329,PI
mdowling,W,18-Oct-12,3,2,0,0,0,0,0,1192,PC
mdowling,W,19-Oct-12,5,0,0,0,0,0,0,1188,PC
jdavies,V,19-Oct-12,8,0,0,0,0,0,0,1192,PI
mdowling,W,19-Oct-12,3,0,0,0,0,0,0,1330,PI
mdowling,W,22-Oct-12,1,0,0,0,0,0,0,1285,PI
mdowling,W,22-Oct-12,2,0,0,0,0,0,0,1330,PI
mdowling,W,22-Oct-12,2,0,0,0,0,0,0,1192,PC
jdavies,V,22-Oct-12,8,0,0,0,0,0,0,1329,PI
mdowling,W,22-Oct-12,3,1,0,0,0,0,0,1188,PC
mdowling,W,23-Oct-12,5,0,0,0,0,0,0,1188,PC
jdavies,V,23-Oct-12,8,0,0,0,0,0,0,1329,PI
mdowling,W,23-Oct-12,3,2,0,0,0,0,0,1192,PC
mdowling,W,24-Oct-12,0,0,3.5,0,0,0,0,1188,PG
mdowling,W,24-Oct-12,0,2,2,0,0,0,0,28,PC
mdowling,W,24-Oct-12,2,0,0,0,0,0,0,1192,PC
jdavies,V,24-Oct-12,8,0,0,0,0,0,0,1329,PI
mdowling,W,24-Oct-12,4,0,0,0,0,0,0,1188,PC
mdowling,W,24-Oct-12,2,0,0,0,0,0,0,1188,PG
mdowling,W,25-Oct-12,5,0,0,0,0,0,0,1188,PI
jdavies,V,25-Oct-12,8,0,0,0,0,0,0,1329,PI
mdowling,W,25-Oct-12,3,1.5,0,0,0,0,0,1192,PI
mdowling,W,26-Oct-12,5,0,0,0,0,0,0,1188,PI
jdavies,V,26-Oct-12,8,0,0,0,0,0,0,1329,PI
mdowling,W,26-Oct-12,3,0.5,0,0,0,0,0,1192,PI
mdowling,W,29-Oct-12,2,0,0,0,0,0,0,1330,PI
jdavies,V,29-Oct-12,8,0,0,0,0,0,0,1329,PI
mdowling,W,29-Oct-12,6,1,0,0,0,0,0,1330,PI
mdowling,W,30-Oct-12,4,0,0,0,0,0,0,1217,PI
mdowling,W,30-Oct-12,1,0,0,0,0,0,0,1192,PI
jdavies,V,30-Oct-12,8,0,0,0,0,0,0,1329,PI
mdowling,W,30-Oct-12,3,0.5,0,0,0,0,0,28,PI
mdowling,W,31-Oct-12,5,0,0,0,0,0,0,1192,PI
jdavies,V,31-Oct-12,8,0,0,0,0,0,0,1188,PI
mdowling,W,31-Oct-12,3,0,0,0,0,0,0,1188,PI
mdowling,W,1-Nov-12,4,0,0,0,0,0,0,1192,PC
jdavies,V,1-Nov-12,6.5,0,0,0,0,0,0,1237,PI
jdavies,V,1-Nov-12,1.5,0,0,0,0,0,0,1329,PI
mdowling,W,1-Nov-12,4,0,0,0,0,0,0,28,PC
mdowling,W,2-Nov-12,4,0,0,0,0,0,0,1188,PC
jdavies,V,2-Nov-12,8,0,0,0,0,0,0,1192,PI
mdowling,W,2-Nov-12,4,0,0,0,0,0,0,28,PC
jdavies,V,5-Nov-12,1,0,0,0,0,0,0,1329,PI
mdowling,W,5-Nov-12,4,0,0,0,0,0,0,28,PC
jdavies,V,5-Nov-12,6,0,0,0,0,0,0,824,PI
jdavies,V,5-Nov-12,1,0,0,0,0,0,0,1332,PI
mdowling,W,5-Nov-12,4,0,0,0,0,0,0,1192,PC
jdavies,V,6-Nov-12,2,0,0,0,0,0,0,1329,PI
mdowling,W,6-Nov-12,4,0,0,0,0,0,0,28,PC
mdowling,W,6-Nov-12,2,0,0,0,0,0,0,1332,PC
jdavies,V,6-Nov-12,6,0,0,0,0,0,0,824,PI
mdowling,W,6-Nov-12,2,0,0,0,0,0,0,1332,PI
jdavies,V,7-Nov-12,2,0,0,0,0,0,0,1329,PI
mdowling,W,7-Nov-12,4,0,0,0,0,0,0,1329,PI
mdowling,W,7-Nov-12,2,0,0,0,0,0,0,1332,PI
jdavies,V,7-Nov-12,6,0,0,0,0,0,0,824,PI
mdowling,W,7-Nov-12,2,0,0,0,0,0,0,1330,PI
jdavies,V,8-Nov-12,2,0,0,0,0,0,0,1329,PI
mdowling,W,8-Nov-12,3,0,0,0,0,0,0,1329,PI
jdavies,V,8-Nov-12,4,0,0,0,0,0,0,1237,PI
mdowling,W,8-Nov-12,3,0,0,0,0,0,0,1237,PI
jdavies,V,8-Nov-12,2,0,0,0,0,0,0,1285,PI
mdowling,W,8-Nov-12,2,1,0,0,0,0,0,28,PI
mdowling,W,9-Nov-12,3,0,0,0,0,0,0,1329,PI
mdowling,W,9-Nov-12,3,0,0,0,0,0,0,1192,PI
jdavies,V,9-Nov-12,7,0,0,0,0,0,0,1329,PI
jdavies,V,9-Nov-12,1,0,0,0,0,0,0,1332,PI
mdowling,W,9-Nov-12,2,0,0,0,0,0,0,697,PI
mdowling,W,12-Nov-12,3,0,0,0,0,0,0,1192,PI
mdowling,W,12-Nov-12,4,0,0,0,0,0,0,1217,PI
jdavies,V,12-Nov-12,8,0,0,0,0,0,0,1329,PI
mdowling,W,12-Nov-12,1,1,0,0,0,0,0,1312,PI
mdowling,W,13-Nov-12,5,0,0,0,0,0,0,1312,PI
jdavies,V,13-Nov-12,8,0,0,0,0,0,0,1329,PI
mdowling,W,13-Nov-12,3,2,0,0,0,0,0,1330,PI
jdavies,V,14-Nov-12,1,0,0,0,0,0,0,1332,PI
mdowling,W,14-Nov-12,7,0,0,0,0,0,0,1330,PI
jdavies,V,14-Nov-12,7,0,0,0,0,0,0,1329,PI
mdowling,W,14-Nov-12,1,1,0,0,0,0,0,1192,PI
mdowling,W,15-Nov-12,4,0,0,0,0,0,0,1286,PI
jdavies,V,15-Nov-12,8,0,0,0,0,0,0,1286,PI
mdowling,W,15-Nov-12,4,2,0.5,0,0,0,0,1217,PC
jdavies,V,16-Nov-12,4,0,0,0,0,0,0,1286,PI
mdowling,W,16-Nov-12,4,0,0,0,0,0,0,28,PC
jdavies,V,16-Nov-12,1,0,0,0,0,0,0,1336,PI
jdavies,V,16-Nov-12,3,1,0,0,0,0,0,1217,PI
mdowling,W,16-Nov-12,4,1.5,0,0,0,0,0,1217,PC
mdowling,W,19-Nov-12,4,0,0,0,0,0,0,1336,PI
mdowling,W,19-Nov-12,2,0,0,0,0,0,0,1249,PI
jdavies,V,19-Nov-12,7,0,0,0,0,0,0,1336,PI
jdavies,V,19-Nov-12,1,0,0,0,0,0,0,1332,PI
mdowling,W,19-Nov-12,2,1,0,0,0,0,0,1217,PC
mdowling,W,20-Nov-12,5,0,0,0,0,0,0,1237,PI
jdavies,V,20-Nov-12,8,0,0,0,0,0,0,1329,PI
mdowling,W,20-Nov-12,3,0,0,0,0,0,0,697,PC
mdowling,W,20-Nov-12,0,1,0,0,0,0,0,1332,PI
mdowling,W,21-Nov-12,5,0,0,0,0,0,0,1217,PC
mdowling,W,21-Nov-12,3,0,0,0,0,0,0,1249,PI
jdavies,V,21-Nov-12,8,1,0,0,0,0,0,1329,PI
jdavies,V,22-Nov-12,1,0,0,0,0,0,0,1329,PI
jdavies,V,22-Nov-12,3,0,0,0,0,0,0,824,PI
jdavies,V,22-Nov-12,4,0.5,0,0,0,0,0,1192,PI
mdowling,A,22-Nov-12,8,0,0,0,0,0,0,ZEDOW002,GLAL
jdavies,V,23-Nov-12,8,0,0,0,0,0,0,1329,PI
mdowling,R,23-Nov-12,8,0,0,0,0,0,0,ZEDOW002,GLRD
mdowling,W,26-Nov-12,5,0,0,0,0,0,0,1286,PI
jdavies,V,26-Nov-12,8,0,0,0,0,0,0,1329,PI
mdowling,W,26-Nov-12,3,2,0,0,0,0,0,28,PI
mdowling,W,27-Nov-12,1,0,0,0,0,0,0,1332,PI
mdowling,W,27-Nov-12,2,0,0,0,0,0,0,1217,PI
mdowling,W,27-Nov-12,1,0,0,0,0,0,0,731,PI
jdavies,V,27-Nov-12,8,0,0,0,0,0,0,1329,PI
mdowling,W,27-Nov-12,4,0,0,0,0,0,0,28,PI
mdowling,W,28-Nov-12,2,0,0,0,0,0,0,1336,PI
jdavies,V,28-Nov-12,8,0,0,0,0,0,0,1329,PI
mdowling,W,28-Nov-12,6,0,0,0,0,0,0,28,PI
mdowling,W,28-Nov-12,2,0,0,0,0,0,0,14691,PI
mdowling,W,29-Nov-12,1,0,0,0,0,0,0,14691,PI
pdocker,W,29-Nov-12,2,0,0,0,0,0,0,1329,PI
mdowling,W,29-Nov-12,2,0,0,0,0,0,0,28,PI
pdocker,W,29-Nov-12,2,0,0,0,0,0,0,1249,PI
jdavies,V,29-Nov-12,5.5,0,0,0,0,0,0,1329,PI
jdavies,V,29-Nov-12,2.5,1,0,0,0,0,0,824,PI
pdocker,W,29-Nov-12,4,0,0,0,0,0,0,1330,PI
mdowling,W,29-Nov-12,5,2,0,0,0,0,0,1188,PI
pdocker,W,30-Nov-12,4,0,0,0,0,0,0,1330,PI
mdowling,W,30-Nov-12,4,0,0,0,0,0,0,28,PC
jdavies,V,30-Nov-12,8,0,0,0,0,0,0,1329,PI
pdocker,W,30-Nov-12,3,0,0,0,0,0,0,1329,PI
pdocker,W,30-Nov-12,1,0,0,0,0,0,0,1332,PI
mdowling,W,30-Nov-12,4,0,0,0,0,0,0,1192,PC
jdavies,V,30-Nov-12,0,1.5,0,0,0,0,0,824,PI
mdowling,W,3-Dec-12,2,0,0,0,0,0,0,1330,PI
pdocker,W,3-Dec-12,5,0,0,0,0,0,0,1332,PI
mdowling,W,3-Dec-12,4,0,0,0,0,0,0,28,PC
jdavies,V,3-Dec-12,8,0,0,0,0,0,0,1329,PI
pdocker,W,3-Dec-12,3,0,0,0,0,0,0,1329,PI
mdowling,W,3-Dec-12,2,2,0,0,0,0,0,1249,PED
jdavies,V,4-Dec-12,8,0,0,0,0,0,0,1329,PI
pdocker,W,4-Dec-12,8,0,0,0,0,0,0,1329,PI
mdowling,W,4-Dec-12,8,2,0,0,0,0,0,28,PC
pdocker,W,5-Dec-12,1,0,0,0,0,0,0,1332,PI
pdocker,W,5-Dec-12,1,0,0,0,0,0,0,1330,PI
jdavies,V,5-Dec-12,8,0,0,0,0,0,0,1329,PI
pdocker,W,5-Dec-12,6,0,0,0,0,0,0,1329,PI
mdowling,W,5-Dec-12,8,0,0,0,0,0,0,28,PC
pdocker,W,6-Dec-12,2,0,0,0,0,0,0,1249,PI
jdavies,V,6-Dec-12,8,0,0,0,0,0,0,1329,PI
pdocker,W,6-Dec-12,6,0,0,0,0,0,0,1249,PI
mdowling,W,6-Dec-12,8,0,0,0,0,0,0,28,PC
jdavies,V,7-Dec-12,2,0,0,0,0,0,0,1329,PI
pdocker,W,7-Dec-12,2,0,0,0,0,0,0,1329,PI
jdavies,V,7-Dec-12,6,0,0,0,0,0,0,1249,PI
pdocker,W,7-Dec-12,6,0,0,0,0,0,0,1249,PI
mdowling,W,7-Dec-12,8,0,0,0,0,0,0,28,PC
mdowling,W,10-Dec-12,3,0,0,0,0,0,0,697,PC
mdowling,W,10-Dec-12,1,0,0,0,0,0,0,871,PC
mdowling,W,10-Dec-12,4,0,0,0,0,0,0,1249,PI
jdavies,V,10-Dec-12,8,0,0,0,0,0,0,1329,PI
pdocker,R,10-Dec-12,8,0,0,0,0,0,0,ZEDOC002,GLRD
mdowling,W,11-Dec-12,2,0,0,0,0,0,0,871,PI
pdocker,W,11-Dec-12,2,0,0,0,0,0,0,871,PI
pdocker,W,11-Dec-12,1,0,0,0,0,0,0,1332,PI
mdowling,W,11-Dec-12,2,0,0,0,0,0,0,1249,PI
pdocker,W,11-Dec-12,3,0,0,0,0,0,0,1336,PI
jdavies,V,11-Dec-12,8,0,0,0,0,0,0,1329,PI
mdowling,W,11-Dec-12,4,0,0,0,0,0,0,28,PC
pdocker,W,11-Dec-12,2,0,0,0,0,0,0,1330,PI
jdavies,V,12-Dec-12,1,0,0,0,0,0,0,1329,PI
mdowling,W,12-Dec-12,3,0,0,0,0,0,0,1332,PI
jdavies,V,12-Dec-12,3,0,0,0,0,0,0,1332,PI
mdowling,W,12-Dec-12,1,0,0,0,0,0,0,1249,PED
jdavies,V,12-Dec-12,4,0,0,0,0,0,0,1249,PI
mdowling,W,12-Dec-12,4,1,0,0,0,0,0,28,PC
pdocker,W,12-Dec-12,8,2,0,0,0,0,0,1330,PI
mdowling,W,13-Dec-12,2,0,0,0,0,0,0,1329,PC
mdowling,W,13-Dec-12,2,0,0,0,0,0,0,1249,PC
jdavies,V,13-Dec-12,8,0,0,0,0,0,0,1329,PC
mdowling,W,13-Dec-12,4,1,0,0,0,0,0,28,PC
pdocker,W,13-Dec-12,8,2,0,0,0,0,0,1330,PI
mdowling,W,14-Dec-12,2,0,0,0,0,0,0,1329,PC
mdowling,W,14-Dec-12,4,0,0,0,0,0,0,871,PC
jdavies,V,14-Dec-12,8,0,0,0,0,0,0,1329,PC
mdowling,W,14-Dec-12,1,0,0,0,0,0,0,1217,PC
pdocker,W,14-Dec-12,8,1,0,0,0,0,0,1330,PI
mdowling,W,14-Dec-12,1,1,0,0,0,0,0,28,PC
mdowling,W,17-Dec-12,4,0,0,0,0,0,0,28,PC
jdavies,V,17-Dec-12,8,0,0,0,0,0,0,1329,PC
mdowling,W,17-Dec-12,4,0,0,0,0,0,0,1249,PC
pdocker,W,17-Dec-12,8,1,0,0,0,0,0,1330,PI
mdowling,W,18-Dec-12,2,0,0,0,0,0,0,1332,PC
mdowling,W,18-Dec-12,2,0,0,0,0,0,0,1217,PC
jdavies,V,18-Dec-12,6,0,0,0,0,0,0,1329,PC
jdavies,V,18-Dec-12,2,0,0,0,0,0,0,1332,PC
mdowling,W,18-Dec-12,4,0,0,0,0,0,0,1249,PC
pdocker,W,18-Dec-12,8,2,0,0,0,0,0,1330,PI
mdowling,W,19-Dec-12,4,0,0,0,0,0,0,1329,PC
jdavies,V,19-Dec-12,8,0,0,0,0,0,0,1332,PC
mdowling,W,19-Dec-12,4,0,0,0,0,0,0,1336,PC
pdocker,W,19-Dec-12,8,2,0,0,0,0,0,1330,PI
jdavies,V,20-Dec-12,8,0,0,0,0,0,0,1336,PC
pdocker,W,20-Dec-12,8,0,0,0,0,0,0,1330,PI
mdowling,W,20-Dec-12,8,0,0,0,0,0,0,1336,PC
jdavies,R,21-Dec-12,8,0,0,0,0,0,0,ZEDAV002,GLRD
pdocker,R,21-Dec-12,8,0,0,0,0,0,0,ZEDOC002,GLRD
mdowling,R,21-Dec-12,8,0,0,0,0,0,0,ZEDOW002,GLRD
jdavies,R,24-Dec-12,8,0,0,0,0,0,0,ZEDAV002,GLRD
pdocker,R,24-Dec-12,8,0,0,0,0,0,0,ZEDOC002,GLRD
mdowling,R,24-Dec-12,8,0,0,0,0,0,0,ZEDOW002,GLRD
jdavies,P,25-Dec-12,8,0,0,0,0,0,0,ZEDAV002,GLPH
pdocker,P,25-Dec-12,8,0,0,0,0,0,0,ZEDOC002,GLPH
mdowling,P,25-Dec-12,8,0,0,0,0,0,0,ZEDOW002,GLPH
jdavies,P,26-Dec-12,8,0,0,0,0,0,0,ZEDAV002,GLPH
pdocker,P,26-Dec-12,8,0,0,0,0,0,0,ZEDOC002,GLPH
mdowling,P,26-Dec-12,8,0,0,0,0,0,0,ZEDOW002,GLPH
jdavies,R,27-Dec-12,8,0,0,0,0,0,0,ZEDAV002,GLRD
pdocker,R,27-Dec-12,8,0,0,0,0,0,0,ZEDOC002,GLRD
mdowling,A,27-Dec-12,8,0,0,0,0,0,0,ZEDOW002,GLAL
jdavies,A,28-Dec-12,8,0,0,0,0,0,0,ZEDAV002,GLAL
pdocker,A,28-Dec-12,8,0,0,0,0,0,0,ZEDOC002,GLAL
mdowling,A,28-Dec-12,8,0,0,0,0,0,0,ZEDOW002,GLAL
jdavies,A,31-Dec-12,8,0,0,0,0,0,0,ZEDAV002,GLAL
pdocker,A,31-Dec-12,8,0,0,0,0,0,0,ZEDOC002,GLAL
mdowling,A,31-Dec-12,8,0,0,0,0,0,0,ZEDOW002,GLAL
jdavies,P,1-Jan-13,8,0,0,0,0,0,0,ZEDAV002,GLPH
pdocker,P,1-Jan-13,8,0,0,0,0,0,0,ZEDOC002,GLPH
mdowling,P,1-Jan-13,8,0,0,0,0,0,0,ZEDOW002,GLPH
jdavies,A,2-Jan-13,8,0,0,0,0,0,0,ZEDAV002,GLAL
pdocker,A,2-Jan-13,8,0,0,0,0,0,0,ZEDOC002,GLAL
mdowling,A,2-Jan-13,8,0,0,0,0,0,0,ZEDOW002,GLAL
jdavies,A,3-Jan-13,8,0,0,0,0,0,0,ZEDAV002,GLAL
pdocker,A,3-Jan-13,8,0,0,0,0,0,0,ZEDOC002,GLAL
mdowling,A,3-Jan-13,8,0,0,0,0,0,0,ZEDOW002,GLAL
jdavies,A,4-Jan-13,8,0,0,0,0,0,0,ZEDAV002,GLAL
pdocker,A,4-Jan-13,8,0,0,0,0,0,0,ZEDOC002,GLAL
mdowling,A,4-Jan-13,8,0,0,0,0,0,0,ZEDOW002,GLAL
jdavies,V,7-Jan-13,8,0,0,0,0,0,0,1237,PI
pdocker,W,7-Jan-13,8,0,0,0,0,0,0,1236,PI
mdowling,W,7-Jan-13,8,0,0,0,0,0,0,1236,PI
jdavies,V,8-Jan-13,8,0,0,0,0,0,0,1237,PI
pdocker,W,8-Jan-13,8,0,0,0,0,0,0,1236,PI
mdowling,W,8-Jan-13,8,0,0,0,0,0,0,1236,PI
jdavies,V,9-Jan-13,8,0,0,0,0,0,0,1237,PI
pdocker,W,9-Jan-13,8,0,0,0,0,0,0,1236,PI
mdowling,W,9-Jan-13,8,0,0,0,0,0,0,1236,PI
mdowling,W,10-Jan-13,3,0,0,0,0,0,0,28,PI
jdavies,V,10-Jan-13,8,0,0,0,0,0,0,1236,PI
mdowling,W,10-Jan-13,5,0,0,0,0,0,0,1236,PI
pdocker,W,10-Jan-13,8,1,0,0,0,0,0,1286,PI
jdavies,V,11-Jan-13,2,0,0,0,0,0,0,1236,PI
mdowling,W,11-Jan-13,2,0,0,0,0,0,0,1236,PI
mdowling,W,11-Jan-13,1,0,0,0,0,0,0,1332,PI
pdocker,W,11-Jan-13,8,0,0,0,0,0,0,1285,PI
jdavies,V,11-Jan-13,6,0,0,0,0,0,0,1285,PI
mdowling,W,11-Jan-13,5,0,0,0,0,0,0,1285,PI
mdowling,W,14-Jan-13,1,0,0,0,0,0,0,1332,PI
jdavies,V,14-Jan-13,2,0,0,0,0,0,0,1236,PI
mdowling,W,14-Jan-13,2,0,0,0,0,0,0,28,PI
jdavies,V,14-Jan-13,6,1,0,0,0,0,0,1330,PI
pdocker,W,14-Jan-13,8,1,0,0,0,0,0,1330,PI
mdowling,W,14-Jan-13,5,1,0,0,0,0,0,1330,PI
jdavies,V,14-Jan-13,0,1,0,0,0,0,0,1332,PI
pdocker,W,15-Jan-13,8,2,0,0,0,0,0,1330,PI
jdavies,V,15-Jan-13,8,2,0,0,0,0,0,1330,PI
mdowling,W,15-Jan-13,8,2,0,0,0,0,0,1330,PI
pdocker,W,16-Jan-13,8,2,0,0,0,0,0,1330,PI
jdavies,V,16-Jan-13,8,2,0,0,0,0,0,1330,PI
mdowling,W,16-Jan-13,8,2,0,0,0,0,0,1330,PI
jdavies,V,17-Jan-13,8,1,0,0,0,0,0,1330,PI
pdocker,W,17-Jan-13,8,1,0,0,0,0,0,1330,PI
mdowling,W,17-Jan-13,8,0,0,0,0,0,0,1330,PI
mdowling,W,18-Jan-13,2,0,0,0,0,0,0,1332,PI
jdavies,V,18-Jan-13,8,2,0,0,0,0,0,1330,PI
pdocker,W,18-Jan-13,8,2,0,0,0,0,0,1330,PI
mdowling,W,18-Jan-13,6,2,0,0,0,0,0,1236,PI
mdowling,W,21-Jan-13,2,0,0,0,0,0,0,1249,PI
jdavies,V,21-Jan-13,8,0,0,0,0,0,0,1329,PI
pdocker,W,21-Jan-13,8,0,0,0,0,0,0,1249,PI
mdowling,W,21-Jan-13,6,0,0,0,0,0,0,1217,PI
mdowling,W,22-Jan-13,3,0,0,0,0,0,0,1329,PI
mdowling,W,22-Jan-13,2,0,0,0,0,0,0,1330,PI
pdocker,W,22-Jan-13,6,0,0,0,0,0,0,1249,PI
jdavies,V,22-Jan-13,7,0,0,0,0,0,0,1249,PI
pdocker,W,22-Jan-13,1,0,0,0,0,0,0,1329,PI
jdavies,V,22-Jan-13,1,0,0,0,0,0,0,1329,PI
pdocker,W,22-Jan-13,1,0,0,0,0,0,0,1330,PI
mdowling,W,22-Jan-13,3,0,0,0,0,0,0,28,PI
jdavies,V,22-Jan-13,0,1,0,0,0,0,0,1332,PI
mdowling,W,23-Jan-13,3,0,0,0,0,0,0,1329,PI
jdavies,V,23-Jan-13,7.5,0,0,0,0,0,0,1329,PI
pdocker,W,23-Jan-13,6.5,0,0,0,0,0,0,1329,PI
jdavies,V,23-Jan-13,0.5,1,0,0,0,0,0,1332,PI
pdocker,W,23-Jan-13,1.5,0,0,0,0,0,0,1332,PI
mdowling,W,23-Jan-13,5,1,0,0,0,0,0,28,PI
mdowling,W,24-Jan-13,5,0,0,0,0,0,0,28,PG
pdocker,W,24-Jan-13,8,0,0,0,0,0,0,1249,PI
jdavies,V,24-Jan-13,8,0,0,0,0,0,0,1249,PI
mdowling,W,24-Jan-13,3,2,0,0,0,0,0,28,PC
mdowling,W,25-Jan-13,2,0,0,0,0,0,0,1329,PI
jdavies,V,25-Jan-13,5,0,0,0,0,0,0,1249,PI
pdocker,W,25-Jan-13,5,0,0,0,0,0,0,1249,PI
jdavies,V,25-Jan-13,3,0,0,0,0,0,0,1329,PI
pdocker,W,25-Jan-13,3,0,0,0,0,0,0,1329,PI
mdowling,W,25-Jan-13,6,0,0,0,0,0,0,1249,PC
jdavies,P,28-Jan-13,8,0,0,0,0,0,0,ZEDAV002,GLPH
pdocker,P,28-Jan-13,8,0,0,0,0,0,0,ZEDOC002,GLPH
mdowling,P,28-Jan-13,8,0,0,0,0,0,0,ZEDOW002,GLPH
mdowling,W,29-Jan-13,8,0,0,0,0,0,0,28,PC
jdavies,V,29-Jan-13,8,1,0,0,0,0,0,1330,PI
pdocker,W,29-Jan-13,8,1,0,0,0,0,0,1330,PI
mdowling,W,30-Jan-13,4,0,0,0,0,0,0,1236,PI
mdowling,W,30-Jan-13,2,0,0,0,0,0,0,1249,PI
mdowling,W,30-Jan-13,2,0,0,0,0,0,0,1332,PI
jdavies,V,30-Jan-13,8,2,0,0,0,0,0,1330,PI
pdocker,W,30-Jan-13,8,2,0,0,0,0,0,1330,PI
mdowling,W,31-Jan-13,3,0,0,0,0,0,0,1236,PI
mdowling,W,31-Jan-13,1,0,0,0,0,0,0,1249,PED
jdavies,V,31-Jan-13,8,2,0,0,0,0,0,1330,PI
pdocker,W,31-Jan-13,8,2,0,0,0,0,0,1330,PI
mdowling,W,31-Jan-13,4,2,0,0,0,0,0,1329,PI
mdowling,W,1-Feb-13,2,0,0,0,0,0,0,1332,PI
jdavies,V,1-Feb-13,8,0,0,0,0,0,0,1330,PI
pdocker,W,1-Feb-13,8,0,0,0,0,0,0,1330,PI
mdowling,W,1-Feb-13,6,2,0,0,0,0,0,1329,PI
jdavies,V,2-Feb-13,0,2,3,0,0,0,0,1329,PI
mdowling,W,2-Feb-13,0,2,3,0,0,0,0,1329,PI
jdavies,V,4-Feb-13,2,0,0,0,0,0,0,1385,PI
mdowling,W,4-Feb-13,2,0,0,0,0,0,0,1385,PI
jdavies,V,4-Feb-13,6,0,0,0,0,0,0,1329,PI
pdocker,A,4-Feb-13,8,0,0,0,0,0,0,ZEDOC002,GLAL
mdowling,W,4-Feb-13,6,0,0,0,0,0,0,1329,PI
mdowling,W,5-Feb-13,4,0,0,0,0,0,0,1329,PI
jdavies,V,5-Feb-13,8,0,0,0,0,0,0,1329,PI
pdocker,A,5-Feb-13,8,0,0,0,0,0,0,ZEDOC002,GLAL
mdowling,W,5-Feb-13,4,2,0,0,0,0,0,1329,PI
jdavies,V,6-Feb-13,8,0,0,0,0,0,0,1329,PI
pdocker,A,6-Feb-13,8,0,0,0,0,0,0,ZEDOC002,GLAL
mdowling,W,6-Feb-13,8,2,0,0,0,0,0,1329,PI
jdavies,V,7-Feb-13,8,0,0,0,0,0,0,1329,PI
pdocker,A,7-Feb-13,8,0,0,0,0,0,0,ZEDOC002,GLAL
mdowling,W,7-Feb-13,8,2,0,0,0,0,0,1312,PI
mdowling,W,8-Feb-13,2,0,0,0,0,0,0,1312,PI
jdavies,V,8-Feb-13,8,0,0,0,0,0,0,1385,PI
pdocker,A,8-Feb-13,8,0,0,0,0,0,0,ZEDOC002,GLAL
mdowling,W,8-Feb-13,6,0,0,0,0,0,0,1385,PI
jdavies,V,11-Feb-13,8,0,0,0,0,0,0,1329,PI
pdocker,W,11-Feb-13,8,0,0,0,0,0,0,1385,PI
mdowling,W,11-Feb-13,8,0,0,0,0,0,0,1385,PI
pdocker,W,11-Feb-13,0,1,0,0,0,0,0,1330,PI
pdocker,W,12-Feb-13,3,0,0,0,0,0,0,1249,PI
mdowling,W,12-Feb-13,4,0,0,0,0,0,0,1249,PI
pdocker,W,12-Feb-13,3,0,0,0,0,0,0,1385,PI
jdavies,V,12-Feb-13,8,0,0,0,0,0,0,1249,PI
pdocker,W,12-Feb-13,2,0,0,0,0,0,0,1330,PI
mdowling,W,12-Feb-13,4,1,0,0,0,0,0,1385,PI
jdavies,V,13-Feb-13,8,0,0,0,0,0,0,1329,PI
pdocker,W,13-Feb-13,8,2,0,0,0,0,0,1330,PI
mdowling,W,13-Feb-13,8,2,0,0,0,0,0,1330,PI
jdavies,V,14-Feb-13,8,0,0,0,0,0,0,1329,PC
mdowling,W,14-Feb-13,8,0,0,0,0,0,0,1330,PI
pdocker,W,14-Feb-13,8,1,0,0,0,0,0,1330,PI
mdowling,W,15-Feb-13,4,0,0,0,0,0,0,1329,PC
jdavies,V,15-Feb-13,8,0,0,0,0,0,0,1329,PC
mdowling,W,15-Feb-13,4,0,0,0,0,0,0,1249,PED
pdocker,W,15-Feb-13,8,2,0,0,0,0,0,1330,PI
pdocker,W,16-Feb-13,0,2,5,0,0,0,0,1330,PI
jdavies,V,18-Feb-13,8,0,0,0,0,0,0,1329,PC
pdocker,W,18-Feb-13,8,0,0,0,0,0,0,1330,PI
mdowling,W,18-Feb-13,8,0,0,0,0,0,0,28,PC
jdavies,V,19-Feb-13,4,0,0,0,0,0,0,1249,PC
mdowling,W,19-Feb-13,4,0,0,0,0,0,0,28,PC
jdavies,V,19-Feb-13,4,0,0,0,0,0,0,1329,PC
mdowling,W,19-Feb-13,4,0,0,0,0,0,0,1249,PED
pdocker,W,19-Feb-13,8,2,0,0,0,0,0,1330,PI
jdavies,V,20-Feb-13,8,0,0,0,0,0,0,1329,PC
mdowling,W,20-Feb-13,8,0,0,0,0,0,0,1385,PI
pdocker,W,20-Feb-13,8,2,0,0,0,0,0,1330,PI
mdowling,W,21-Feb-13,3,0,0,0,0,0,0,1319,PC
jdavies,V,21-Feb-13,8,0,0,0,0,0,0,1329,PI
mdowling,W,21-Feb-13,5,1,0,0,0,0,0,1329,PI
pdocker,W,21-Feb-13,8,2,0,0,0,0,0,1330,PI
jdavies,V,22-Feb-13,8,0,0,0,0,0,0,1329,PI
mdowling,W,22-Feb-13,8,0,0,0,0,0,0,1385,PI
pdocker,W,22-Feb-13,8,1,0,0,0,0,0,1330,PI
jdavies,V,25-Feb-13,1.5,0,0,0,0,0,0,1329,PI
mdowling,W,25-Feb-13,4,0,0,0,0,0,0,1285,PI
jdavies,V,25-Feb-13,6.5,0,0,0,0,0,0,1285,PI
mdowling,W,25-Feb-13,4,0,0,0,0,0,0,1329,PI
pdocker,W,25-Feb-13,8,1,0,0,0,0,0,1330,PI
mdowling,W,26-Feb-13,4,0,0,0,0,0,0,1249,PED
jdavies,V,26-Feb-13,8,0,0,0,0,0,0,1329,PI
mdowling,W,26-Feb-13,4,0,0,0,0,0,0,28,PC
pdocker,W,26-Feb-13,8,2,0,0,0,0,0,1330,PI
jdavies,V,27-Feb-13,8,0,0,0,0,0,0,1329,PI
jdavies,V,27-Feb-13,0,0.5,0,0,0,0,0,1332,PI
mdowling,W,27-Feb-13,8,1,0,0,0,0,0,1385,PI
pdocker,W,27-Feb-13,8,2,0,0,0,0,0,1330,PI
jdavies,V,28-Feb-13,8,1,0,0,0,0,0,1329,PI
mdowling,W,28-Feb-13,8,0,0,0,0,0,0,1385,PI
pdocker,W,28-Feb-13,8,2,0,0,0,0,0,1330,PI
jdavies,V,1-Mar-13,8,0,0,0,0,0,0,1329,PI
pdocker,W,1-Mar-13,8,0,0,0,0,0,0,1330,PI
mdowling,W,1-Mar-13,8,0,0,0,0,0,0,1330,PI
mdowling,W,2-Mar-13,0,2,6,0,0,0,0,1312,PI
pdocker,W,2-Mar-13,0,2,6,0,0,0,0,1312,PI
jdavies,V,4-Mar-13,3,0,0,0,0,0,0,1332,PI
jdavies,V,4-Mar-13,1,0,0,0,0,0,0,1285,PI
jdavies,V,4-Mar-13,4,0,0,0,0,0,0,1329,PI
pdocker,W,4-Mar-13,8,2,0,0,0,0,0,1312,PI
mdowling,W,4-Mar-13,8,2,0,0,0,0,0,1312,PI
jdavies,V,5-Mar-13,8,0,0,0,0,0,0,1329,PI
pdocker,W,5-Mar-13,8,1,0,0,0,0,0,1330,PI
mdowling,W,5-Mar-13,8,2,0,0,0,0,0,1312,PI
jdavies,V,6-Mar-13,8,0,0,0,0,0,0,1329,PI
pdocker,W,6-Mar-13,8,2,0,0,0,0,0,1330,PI
mdowling,W,6-Mar-13,8,2,0,0,0,0,0,1312,PI
jdavies,V,7-Mar-13,8,0.5,0,0,0,0,0,1329,PC
pdocker,W,7-Mar-13,8,0,0,0,0,0,0,1330,PI
mdowling,W,7-Mar-13,8,0,0,0,0,0,0,1312,PI
pdocker,W,8-Mar-13,4,0,0,0,0,0,0,1285,PI
mdowling,W,8-Mar-13,4,0,0,0,0,0,0,1312,PI
jdavies,V,8-Mar-13,8,0,0,0,0,0,0,1329,PC
pdocker,W,8-Mar-13,4,0,0,0,0,0,0,1249,PI
mdowling,R,8-Mar-13,4,0,0,0,0,0,0,ZEDOW002,GLRD
jdavies,P,11-Mar-13,8,0,0,0,0,0,0,ZEDAV002,GLPH
pdocker,P,11-Mar-13,8,0,0,0,0,0,0,ZEDOC002,GLPH
mdowling,P,11-Mar-13,8,0,0,0,0,0,0,ZEDOW002,GLPH
mdowling,W,12-Mar-13,4,0,0,0,0,0,0,1329,PI
jdavies,R,12-Mar-13,8,0,0,0,0,0,0,ZEDAV002,GLRD
pdocker,R,12-Mar-13,8,0,0,0,0,0,0,ZEDOC002,GLRD
mdowling,R,12-Mar-13,4,0,0,0,0,0,0,ZEDOW002,GLRD
mdowling,W,13-Mar-13,2,0,0,0,0,0,0,1329,PI
jdavies,V,13-Mar-13,7,0,0,0,0,0,0,1329,PI
pdocker,W,13-Mar-13,8,0,0,0,0,0,0,1249,PI
mdowling,W,13-Mar-13,6,0,0,0,0,0,0,1319,PC
jdavies,V,13-Mar-13,1,0,0,0,0,0,0,ZEDOC002,POHS
jdavies,V,14-Mar-13,8,0,0,0,0,0,0,1329,PI
mdowling,W,14-Mar-13,7,0,0,0,0,0,0,1332,PI
pdocker,W,14-Mar-13,8,0,0,0,0,0,0,1249,PI
mdowling,W,14-Mar-13,1,1,0,0,0,0,0,1329,PI
jdavies,V,15-Mar-13,8,0,0,0,0,0,0,1329,PI
pdocker,W,15-Mar-13,8,0,0,0,0,0,0,1249,PI
mdowling,W,15-Mar-13,8,0,0,0,0,0,0,28,PC
jdavies,V,18-Mar-13,8,0,0,0,0,0,0,1329,PI
mdowling,W,18-Mar-13,8,0,0,0,0,0,0,1385,PI
pdocker,W,18-Mar-13,8,2,0,0,0,0,0,1330,PI
jdavies,V,19-Mar-13,8,0,0,0,0,0,0,1329,PI
mdowling,W,19-Mar-13,8,0,0,0,0,0,0,1385,PI
pdocker,W,19-Mar-13,8,2,0,0,0,0,0,1330,PI
jdavies,V,20-Mar-13,8,0,0,0,0,0,0,1329,PI
mdowling,W,20-Mar-13,8,0,0,0,0,0,0,1329,PI
pdocker,W,20-Mar-13,8,2,0,0,0,0,0,1330,PI
mdowling,W,20-Mar-13,0,2,0,0,0,0,0,1249,PED
jdavies,V,21-Mar-13,8,2,0,0,0,0,0,1385,PI
pdocker,W,21-Mar-13,10,0,0,0,0,0,0,1330,PI
mdowling,W,21-Mar-13,8,2,0,0,0,0,0,1385,PI
mdowling,W,22-Mar-13,4,0,0,0,0,0,0,28,PC
mdowling,W,22-Mar-13,2,0,0,0,0,0,0,1329,PC
jdavies,V,22-Mar-13,8,0,0,0,0,0,0,1329,PC
mdowling,W,22-Mar-13,2,0,0,0,0,0,0,1330,PI
pdocker,W,22-Mar-13,10,0,0,0,0,0,0,1330,PI
jdavies,V,23-Mar-13,0,2,2,0,0,0,0,1385,PI
mdowling,W,23-Mar-13,0,2,2,0,0,0,0,1385,PI
pdocker,W,23-Mar-13,0,2,5,0,0,0,0,1330,PI
pdocker,W,24-Mar-13,0,0,4,0,0,0,0,1330,PI
jdavies,V,25-Mar-13,8,0,0,0,0,0,0,1329,PC
mdowling,W,25-Mar-13,8,1.5,0,0,0,0,0,1330,PI
pdocker,W,25-Mar-13,8,2,0,0,0,0,0,1330,PI
jdavies,V,26-Mar-13,8,0,0,0,0,0,0,1329,PC
jdavies,V,26-Mar-13,0,1,0,0,0,0,0,1332,PC
mdowling,W,26-Mar-13,8,1.5,0,0,0,0,0,1330,PI
pdocker,W,26-Mar-13,8,2,0,0,0,0,0,1330,PI
jdavies,V,27-Mar-13,6.5,0,0,0,0,0,0,1329,PI
jdavies,V,27-Mar-13,1.5,0,0,0,0,0,0,1332,PI
pdocker,W,27-Mar-13,8,2,0,0,0,0,0,1330,PI
mdowling,W,27-Mar-13,8,2,0,0,0,0,0,1330,PI
